name,description
21s Bicep Curl,"Curl de bíceps en tres bloques de 7 repeticiones sin descanso: primero la mitad inferior del recorrido, luego la mitad superior y finalmente el recorrido completo."
Ab Scissors,"Acostado boca arriba con la zona lumbar pegada al piso, eleva las piernas extendidas y crúzalas alternadamente como tijeras, sin tocar el suelo."
Ab Wheel,"Arrodillado, sujeta la rueda y desliza hacia adelante extendiendo el cuerpo sin arquear la espalda baja. Regresa contrayendo el abdomen."
Aerobics,"Trabajo cardiovascular continuo con movimientos coordinados de brazos y piernas, manteniendo un ritmo sostenido durante toda la sesión."
Air Bike,Pedaleo en bicicleta de aire empujando y jalando los manubrios al mismo tiempo. La resistencia aumenta con la velocidad.
Arnold Press (Dumbbell),Comienza con las mancuernas frente a los hombros y las palmas hacia ti. Gira las muñecas hacia afuera mientras empujas por encima de la cabeza.
Around The World,"Acostado en banco con mancuernas, describe un arco amplio desde los muslos hasta encima de la cabeza manteniendo los codos ligeramente flexionados."
Assisted Pistol Squats,Sentadilla a una pierna sujetándote de un soporte para asistir el equilibrio. Baja controlado con la pierna libre extendida al frente.
Back Extension (Hyperextension),"En el banco de hiperextensiones, baja el torso flexionando la cadera y sube hasta alinear espalda y piernas. Evita hiperextender la zona lumbar."
Back Extension (Machine),"Sentado en la máquina, extiende el torso hacia atrás contra la resistencia y regresa controlando el movimiento."
Back Extension (Weighted Hyperextension),Hiperextensión sosteniendo un disco o mancuerna contra el pecho para añadir carga al movimiento.
Ball Slams,"Levanta el balón medicinal por encima de la cabeza y lánzalo contra el piso con fuerza, acompañando con el abdomen y la cadera."
Band Pullaparts,"Sujeta una banda con los brazos extendidos al frente y sepáralos hasta llevar la banda al pecho, juntando los omóplatos."
Battle Ropes,"Sujeta un extremo de cada cuerda y genera ondas continuas alternando los brazos, con las rodillas semiflexionadas y el torso firme."
Behind the Back Bicep Wrist Curl (Barbell),"De pie con la barra tomada por detrás de los glúteos, flexiona solo las muñecas para elevar la barra y controla el descenso."
Bench Dip,"Con las manos apoyadas en un banco detrás de ti y los pies al frente, baja flexionando los codos y empuja hasta extenderlos."
Bench Press (Barbell),"Acostado en el banco, baja la barra controlada hasta rozar el pecho y empuja hasta extender los codos. Mantén los omóplatos retraídos y los pies firmes en el piso."
Bench Press (Cable),"Press de pecho con poleas, empujando los agarres al frente desde la altura del pecho hasta extender los brazos."
Bench Press (Dumbbell),"Acostado en banco, baja las mancuernas a los costados del pecho y empújalas hasta arriba. El recorrido es mayor que con barra."
Bench Press (Smith Machine),Press de banca en multipower. La barra guiada permite concentrarse en el empuje sin controlar la trayectoria.
Bench Press - Close Grip (Barbell),Press de banca con las manos al ancho de los hombros. Mantén los codos cerca del torso para cargar más los tríceps.
Bench Press - Wide Grip (Barbell),"Press de banca con agarre más abierto que los hombros, lo que reduce el recorrido y enfatiza el pectoral."
Bent Over Row (Band),"Con el torso inclinado y la banda bajo los pies, jala los extremos hacia el abdomen llevando los codos hacia atrás."
Bent Over Row (Barbell),"Con el torso inclinado cerca de 45 grados y la espalda recta, jala la barra hacia el abdomen y baja controlado. No uses impulso de la cadera."
Bent Over Row (Dumbbell),"Remo con mancuernas y torso inclinado, llevando los codos hacia atrás y juntando los omóplatos en la parte alta."
Bicep Curl (Barbell),"De pie con la barra en las manos, flexiona los codos hasta subir la barra al pecho manteniendo los codos pegados al torso."
Bicep Curl (Cable),Curl de bíceps en polea baja. La tensión se mantiene constante durante todo el recorrido.
Bicep Curl (Dumbbell),"Curl de bíceps con mancuernas, flexionando los codos sin balancear el torso. Puede hacerse alternado o simultáneo."
Bicep Curl (Machine),"Curl de bíceps en máquina, con los brazos apoyados en el soporte para aislar el movimiento del codo."
Bicep Curl (Suspension),"Con las cintas de suspensión, inclina el cuerpo hacia atrás y flexiona los codos para elevarte, manteniendo el cuerpo alineado."
Bicycle Crunch,"Acostado boca arriba, lleva un codo hacia la rodilla contraria alternando lados con un movimiento continuo de pedaleo."
Bicycle Crunch Raised Legs,"Variante del bicycle crunch manteniendo las piernas elevadas durante todo el ejercicio, lo que aumenta la exigencia abdominal."
Bird Dog,"En cuatro apoyos, extiende un brazo y la pierna contraria al mismo tiempo, manteniendo la cadera nivelada y la espalda neutra."
Box Jump,Salta con ambos pies sobre un cajón y aterriza con las rodillas ligeramente flexionadas. Baja con control o escalón por escalón.
Box Squat (Barbell),"Sentadilla con barra bajando hasta tocar un cajón, con una pausa breve antes de subir. Ayuda a controlar la profundidad."
Boxing,"Trabajo cardiovascular con combinaciones de golpes, desplazamientos y guardia activa."
Bulgarian Split Squat,"Con el pie trasero apoyado en un banco, baja flexionando la pierna delantera hasta que el muslo quede paralelo al piso."
Burpee,"Desde de pie, baja a plancha, haz una flexión, recoge los pies y salta con los brazos arriba. Movimiento continuo."
Burpee Over the Bar,"Burpee completo seguido de un salto por encima de la barra, con un movimiento continuo entre repeticiones."
Butterfly (Pec Deck),"Sentado en la máquina, junta los brazos al frente en un arco cerrando el pecho y regresa controlando la apertura."
Cable Core Palloff Press,"De costado a la polea, extiende los brazos al frente resistiendo la rotación del torso. El objetivo es no girar."
Cable Crunch,"Arrodillado frente a la polea alta con la cuerda tras la nuca, flexiona el torso hacia abajo contrayendo el abdomen."
Cable Fly Crossovers,"De pie entre dos poleas altas, junta las manos al frente describiendo un arco y cruza ligeramente al final del recorrido."
Cable Pull Through,"De espaldas a la polea baja, pasa la cuerda entre las piernas y extiende la cadera hacia adelante apretando los glúteos."
Cable Twist (Down to up),"Desde la polea baja, gira el torso llevando el agarre en diagonal de abajo hacia arriba con los brazos extendidos."
Cable Twist (Up to down),"Desde la polea alta, gira el torso llevando el agarre en diagonal de arriba hacia abajo, controlando el regreso."
Calf Extension (Machine),"Extensión de pantorrillas en máquina, elevando los talones hasta la máxima contracción y bajando con control."
Calf Press (Machine),"En la prensa de piernas, empuja la plataforma solo con la punta de los pies extendiendo los tobillos."
Chest Dip,"En paralelas, inclina el torso hacia adelante y baja flexionando los codos hasta sentir estiramiento en el pecho. Empuja para subir."
Chest Dip (Assisted),"Fondo de pecho con asistencia de máquina o banda, que reduce parte del peso corporal."
Chest Dip (Weighted),Fondo de pecho con lastre en cinturón o entre las piernas para añadir carga.
Chest Fly (Band),"Apertura de pecho con banda, juntando los brazos al frente en arco con los codos ligeramente flexionados."
Chest Fly (Dumbbell),"Acostado en banco, abre los brazos en arco con los codos algo flexionados y junta las mancuernas arriba sin chocarlas."
Chest Fly (Machine),"Apertura de pecho en máquina, con el recorrido guiado y tensión constante."
Chest Fly (Suspension),"Con cintas de suspensión e inclinado al frente, abre los brazos en arco y ciérralos controlando el descenso del cuerpo."
Chest Press (Band),"Press de pecho con banda anclada atrás, empujando los brazos al frente hasta extenderlos."
Chest Press (Machine),"Sentado en la máquina, empuja los agarres al frente hasta extender los brazos y regresa controlando."
Chest Supported Incline Row (Dumbbell),"Con el pecho apoyado en un banco inclinado, jala las mancuernas hacia arriba llevando los codos atrás. El apoyo elimina el balanceo."
Chest Supported Reverse Fly (Dumbbell),"Con el pecho apoyado en banco inclinado, abre los brazos hacia los lados hasta la altura de los hombros para trabajar el deltoides posterior."
Chest Supported Y Raise (Dumbbell),"Con el pecho apoyado en banco inclinado, eleva los brazos en diagonal formando una Y sobre la cabeza."
Chin Up,Dominada con agarre supino al ancho de los hombros. Jala hasta pasar la barbilla sobre la barra y baja con control.
Chin Up (Assisted),Dominada supina con asistencia de máquina o banda elástica para reducir el peso efectivo.
Chin Up (Weighted),Dominada supina con lastre añadido en cinturón o chaleco.
Clamshell,"Acostado de lado con las rodillas flexionadas, separa la rodilla superior manteniendo los pies juntos y la cadera quieta."
Clap Push Ups,Flexión explosiva en la que despegas las manos del piso y aplaudes antes de volver a apoyarlas.
Clean,"Levantamiento olímpico: lleva la barra desde el piso hasta los hombros en un solo movimiento, recibiéndola en sentadilla frontal."
Clean and Jerk,Cargada de la barra a los hombros seguida de un envión por encima de la cabeza hasta extender los brazos.
Clean and Press,"Cargada de la barra a los hombros seguida de un press estricto por encima de la cabeza, sin impulso de piernas."
Clean Pull,"Primera fase de la cargada: jala la barra desde el piso con extensión completa de cadera, sin recibirla en los hombros."
Climbing,"Escalada en muro o roca, con trabajo de agarre, tracción y estabilidad de todo el cuerpo."
Concentration Curl,"Sentado con el codo apoyado en la cara interna del muslo, flexiona el brazo concentrando la tensión en el bíceps."
Cross Body Hammer Curl,Curl con agarre neutro llevando la mancuerna en diagonal hacia el hombro contrario.
Crunch,"Acostado boca arriba con las rodillas flexionadas, despega los omóplatos del piso contrayendo el abdomen. El movimiento es corto."
Crunch (Machine),"Encogimiento abdominal en máquina, flexionando el torso contra la resistencia."
Crunch (Weighted),Encogimiento abdominal sosteniendo un disco sobre el pecho o detrás de la cabeza.
Curtsy Lunge (Dumbbell),"Zancada cruzando la pierna trasera por detrás y en diagonal, como una reverencia, con mancuernas en las manos."
Cycling,"Ciclismo continuo en ruta o estático, manteniendo una cadencia sostenida."
Dead Bug,"Acostado boca arriba con brazos y piernas arriba, extiende un brazo y la pierna contraria sin despegar la zona lumbar del piso."
Dead Hang,"Colgado de la barra con los brazos extendidos, manteniendo la posición el mayor tiempo posible con los hombros activos."
Deadlift (Band),"Peso muerto con banda bajo los pies, extendiendo cadera y rodillas contra la resistencia elástica."
Deadlift (Barbell),"Con la barra pegada a las canillas y la espalda recta, extiende cadera y rodillas al mismo tiempo hasta quedar de pie. Baja controlando la trayectoria pegada al cuerpo."
Deadlift (Dumbbell),"Peso muerto con mancuernas a los costados, manteniendo la espalda neutra durante todo el recorrido."
Deadlift (Smith Machine),"Peso muerto en multipower, con la trayectoria de la barra guiada verticalmente."
Deadlift (Trap bar),Peso muerto con barra hexagonal. La posición central de las manos reduce la carga sobre la zona lumbar.
Deadlift High Pull,Peso muerto seguido de un jalón alto que lleva la barra hasta la altura del pecho con los codos por encima.
Decline Bench Press (Barbell),"Press de banca en banco declinado, lo que desplaza el énfasis hacia la porción inferior del pectoral."
Decline Bench Press (Dumbbell),"Press declinado con mancuernas, con mayor recorrido y control independiente de cada brazo."
Decline Bench Press (Machine),"Press declinado en máquina, con recorrido guiado."
Decline Bench Press (Smith Machine),"Press declinado en multipower, con la barra guiada verticalmente."
Decline Chest Fly (Dumbbell),"Apertura de pecho en banco declinado, con los codos ligeramente flexionados durante todo el arco."
Decline Crunch,"Encogimiento abdominal en banco declinado, con los pies sujetos en la parte alta."
Decline Crunch (Weighted),Encogimiento en banco declinado sosteniendo un disco contra el pecho.
Decline Push Up,"Flexión con los pies elevados sobre un banco, lo que aumenta la carga sobre hombros y pecho superior."
Diamond Push Up,Flexión con las manos juntas formando un triángulo bajo el pecho. Enfatiza los tríceps.
Downward Dog,"Postura de yoga en V invertida, con las manos y los pies apoyados, la cadera alta y la espalda extendida."
Drag Curl,Curl en el que la barra sube rozando el torso mientras los codos se desplazan hacia atrás.
Dragon Flag,"Acostado en banco sujetando el respaldo, eleva el cuerpo recto desde los hombros y baja lentamente sin doblar la cadera."
Dragonfly,Variante avanzada del dragon flag con control total del descenso y el cuerpo completamente alineado.
Dumbbell Row,"Con una rodilla y una mano apoyadas en el banco, jala la mancuerna hacia la cadera llevando el codo hacia atrás."
Dumbbell Snatch,"Lleva la mancuerna desde el piso hasta encima de la cabeza en un solo movimiento explosivo, extendiendo la cadera."
Dumbbell Squeeze Press,Press de pecho presionando las mancuernas una contra otra durante todo el recorrido para aumentar la tensión en el pectoral.
Dumbbell Step Up,"Sube a un cajón con una pierna sosteniendo mancuernas, extendiendo la cadera arriba y bajando con control."
Elbow to Knee,Encogimiento cruzado llevando el codo hacia la rodilla contraria para trabajar los oblicuos.
Elliptical Trainer,"Trabajo cardiovascular en elíptica, con movimiento continuo de piernas y brazos y bajo impacto articular."
EZ Bar Biceps Curl,Curl de bíceps con barra Z. El agarre inclinado reduce la tensión en las muñecas.
Face Pull,"Desde la polea alta con cuerda, jala hacia la cara separando las manos y llevando los codos altos hacia atrás."
Farmers Walk,"Camina una distancia determinada sosteniendo cargas pesadas a los costados, con el torso erguido y los hombros firmes."
Fire Hydrants,"En cuatro apoyos, eleva una pierna flexionada hacia el costado manteniendo la cadera estable."
Floor Press (Barbell),"Press acostado en el piso. El recorrido se detiene cuando los codos tocan el suelo, lo que carga más los tríceps."
Floor Press (Dumbbell),"Press en el piso con mancuernas, con el recorrido limitado por el contacto de los codos con el suelo."
Floor Triceps Dip,"Sentado en el piso con las manos apoyadas atrás, eleva la cadera y flexiona los codos para trabajar los tríceps."
Flutter Kicks,"Acostado boca arriba con las piernas extendidas y elevadas, alterna movimientos cortos de arriba abajo sin tocar el piso."
Frog Jumps,"Desde una sentadilla profunda, salta hacia adelante o en el lugar y aterriza de nuevo en posición de sentadilla."
Frog Pumps (Dumbbell),"Acostado boca arriba con las plantas de los pies juntas y las rodillas abiertas, eleva la cadera apretando los glúteos."
Front Lever Hold,"Colgado de la barra, mantén el cuerpo horizontal y recto de cara hacia arriba, con los brazos extendidos."
Front Lever Raise,"Desde la posición colgada, eleva el cuerpo hasta la horizontal del front lever y baja con control."
Front Raise (Band),"Elevación frontal de hombros con banda, subiendo los brazos extendidos hasta la altura de los hombros."
Front Raise (Barbell),"Elevación frontal con barra, subiendo hasta la altura de los hombros sin balancear el torso."
Front Raise (Cable),"Elevación frontal en polea baja, con tensión constante en todo el recorrido."
Front Raise (Dumbbell),"Elevación frontal con mancuernas hasta la altura de los hombros, controlando el descenso."
Front Raise (Suspension),"Elevación frontal con cintas de suspensión, usando el peso corporal como resistencia."
Front Squat,Sentadilla con la barra apoyada al frente sobre los deltoides. Mantén los codos altos y el torso vertical.
Full Squat,"Sentadilla profunda bajando por debajo de la paralela, manteniendo la espalda neutra y los talones apoyados."
Glute Bridge,"Acostado boca arriba con las rodillas flexionadas, eleva la cadera apretando los glúteos hasta alinear torso y muslos."
Glute Ham Raise,"En el banco específico, baja el torso controlando con los isquiotibiales y sube sin ayuda de la cadera."
Glute Kickback (Machine),"Extensión de cadera en máquina, llevando la pierna hacia atrás contra la resistencia."
Glute Kickback on Floor,"En cuatro apoyos, extiende una pierna hacia atrás y arriba apretando el glúteo, sin arquear la espalda baja."
Goblet Squat,"Sentadilla sosteniendo una mancuerna o pesa rusa contra el pecho, lo que ayuda a mantener el torso vertical."
Good Morning (Barbell),"Con la barra en la espalda alta, flexiona la cadera llevando el torso al frente con la espalda recta y regresa extendiendo la cadera."
Gorilla Row (Kettlebell),"Con el torso inclinado y dos pesas rusas en el piso, jala una y luego la otra alternando, manteniendo la cadera estable."
Hack Squat,"Sentadilla con la barra tomada por detrás de las piernas, subiendo con la espalda recta."
Hack Squat (Machine),"Sentadilla en máquina hack, con la espalda apoyada en el respaldo y el recorrido guiado."
Hammer Curl (Band),Curl con agarre neutro usando banda elástica.
Hammer Curl (Cable),"Curl con agarre neutro en polea baja, con tensión constante."
Hammer Curl (Dumbbell),Curl con las palmas enfrentadas durante todo el recorrido. Trabaja el braquial y el antebrazo además del bíceps.
Handstand Hold,"Parada de manos sostenida, con el cuerpo alineado y el core activo. Puede hacerse contra la pared."
Handstand Push Up,"Desde la parada de manos, baja la cabeza hacia el piso flexionando los codos y empuja hasta extender los brazos."
Hang Clean,"Cargada iniciando con la barra a la altura de los muslos o rodillas, sin partir desde el piso."
Hang Snatch,"Arranque iniciando con la barra a la altura de los muslos, llevándola sobre la cabeza en un solo movimiento."
Hanging Knee Raise,"Colgado de la barra, eleva las rodillas hacia el pecho controlando el balanceo del cuerpo."
Hanging Leg Raise,"Colgado de la barra, eleva las piernas extendidas hasta la altura de la cadera sin usar impulso."
Heel Taps,"Acostado boca arriba con los omóplatos algo elevados, toca alternadamente cada talón inclinando el torso hacia el costado."
Hex Press (Dumbbell),Press de pecho con las mancuernas presionadas entre sí durante todo el recorrido.
High Knee Skips,"Saltos alternos elevando la rodilla a la altura de la cadera, con impulso de brazos."
High Knees,Carrera en el lugar elevando las rodillas hasta la altura de la cadera a ritmo alto.
HIIT,Entrenamiento por intervalos que alterna esfuerzos de alta intensidad con periodos cortos de recuperación.
Hiking,"Caminata en terreno natural con desnivel, de duración prolongada y ritmo sostenido."
Hip Abduction (Machine),"Sentado en la máquina, separa las piernas contra la resistencia y regresa controlando."
Hip Adduction (Machine),"Sentado en la máquina, junta las piernas contra la resistencia trabajando los aductores."
Hip Thrust,"Con la espalda apoyada en un banco, eleva la cadera hasta alinear torso y muslos apretando los glúteos arriba."
Hip Thrust (Barbell),Empuje de cadera con barra apoyada sobre la pelvis. Usa una almohadilla para amortiguar la barra.
Hip Thrust (Machine),"Empuje de cadera en máquina específica, con la carga guiada."
Hollow Rock,"Acostado boca arriba en posición hueca con brazos y piernas extendidos, mécete manteniendo la zona lumbar pegada al piso."
Incline Bench Press (Barbell),"Press en banco inclinado, que desplaza el énfasis hacia la porción superior del pectoral y los hombros."
Incline Bench Press (Dumbbell),"Press inclinado con mancuernas, con mayor recorrido y trabajo independiente de cada brazo."
Incline Bench Press (Smith Machine),"Press inclinado en multipower, con trayectoria guiada."
Incline Chest Fly (Dumbbell),"Apertura de pecho en banco inclinado, con los codos ligeramente flexionados."
Incline Chest Press (Machine),"Press inclinado en máquina, con recorrido guiado y respaldo de apoyo."
Incline Push Ups,"Flexión con las manos apoyadas en una superficie elevada, lo que reduce la carga respecto a la flexión estándar."
Inverted Row,"Bajo una barra fija, con el cuerpo recto y los talones apoyados, jala el pecho hacia la barra."
Iso-Lateral Chest Press (Machine),"Press de pecho en máquina con brazos independientes, lo que evita compensar con el lado más fuerte."
Iso-Lateral High Row (Machine),"Remo alto en máquina con brazos independientes, jalando desde arriba hacia el torso."
Iso-Lateral Low Row,"Remo bajo con brazos independientes, llevando los codos hacia atrás y juntando los omóplatos."
Iso-Lateral Row (Machine),Remo en máquina con brazos independientes para trabajar cada lado por separado.
Jack Knife (Suspension),"En plancha con los pies en las cintas, lleva las rodillas al pecho deslizando y regresa extendiendo."
Jackknife Sit Up,"Acostado boca arriba, eleva al mismo tiempo el torso y las piernas extendidas hasta tocar los pies con las manos."
JM Press (Barbell),Mezcla de press cerrado y extensión de tríceps: baja la barra hacia el cuello con los codos adelante y empuja.
Jump Rope,"Salto de cuerda continuo, con impulso desde los tobillos y giro desde las muñecas."
Jump Shrug,"Desde la posición de peso muerto, extiende la cadera con fuerza y encoge los hombros despegando los talones."
Jump Squat,"Sentadilla seguida de un salto vertical, aterrizando con las rodillas flexionadas para amortiguar."
Jumping Jack,"Salto abriendo piernas y subiendo los brazos por encima de la cabeza, regresando a la posición inicial en el siguiente salto."
Jumping Lunge,"Zancada con salto alternando la pierna adelantada en el aire, aterrizando con control."
Kettlebell Clean,"Lleva la pesa rusa desde el piso o entre las piernas hasta la posición de rack en el hombro, sin golpear el antebrazo."
Kettlebell Curl,"Curl de bíceps sosteniendo la pesa rusa por el asa, con el peso colgando bajo la muñeca."
Kettlebell Goblet Squat,Sentadilla sosteniendo la pesa rusa contra el pecho por las asas.
Kettlebell High Pull,"Jalón alto con pesa rusa, llevándola hasta la altura del pecho con el codo por encima de la muñeca."
Kettlebell Shoulder Press,Press por encima de la cabeza con la pesa rusa apoyada en el antebrazo desde la posición de rack.
Kettlebell Snatch,Lleva la pesa rusa desde entre las piernas hasta encima de la cabeza en un solo movimiento continuo.
Kettlebell Swing,"Balancea la pesa rusa entre las piernas y proyéctala al frente con la extensión de cadera, no con los brazos."
Kettlebell Turkish Get Up,"Desde acostado, levántate hasta quedar de pie manteniendo la pesa rusa extendida sobre la cabeza durante todo el recorrido."
Kipping Pull Up,Dominada con impulso coordinado de cadera y hombros para encadenar repeticiones.
Knee Raise Parallel Bars,"Apoyado en paralelas con el torso suspendido, eleva las rodillas hacia el pecho."
Kneeling Pulldown (band),"Arrodillado bajo una banda anclada arriba, jala hacia abajo hasta la altura del pecho llevando los codos atrás."
Kneeling Push Up,"Flexión apoyando las rodillas en el piso, lo que reduce la carga del ejercicio."
L-Sit Hold,"Suspendido o apoyado en paralelas, mantén las piernas extendidas al frente formando una L con el cuerpo."
Landmine 180,"Con la barra en el anclaje landmine sujeta al frente, gira el torso llevando el extremo de un lado al otro en arco."
Landmine Row,"Con la barra en el anclaje landmine, jala el extremo hacia el abdomen con el torso inclinado."
Landmine Squat and Press,"Sentadilla sosteniendo el extremo de la barra en el pecho, seguida de un press al frente al subir."
Lat Pulldown (Band),"Jalón al pecho con banda anclada arriba, llevando los codos hacia abajo y atrás."
Lat Pulldown (Cable),"Sentado en la polea alta, jala la barra hasta la parte alta del pecho llevando los codos abajo. Evita balancear el torso."
Lat Pulldown (Machine),"Jalón al pecho en máquina, con recorrido guiado."
Lat Pulldown - Close Grip (Cable),"Jalón al pecho con agarre estrecho, que aumenta el recorrido y el trabajo de la parte baja del dorsal."
Lateral Band Walks,"Con una banda alrededor de las piernas y las rodillas semiflexionadas, camina de costado manteniendo la tensión."
Lateral Box Jump,"Salto lateral sobre un cajón, aterrizando con ambos pies y las rodillas flexionadas."
Lateral Leg Raises,"Acostado de lado, eleva la pierna superior extendida y baja controlando el movimiento."
Lateral Lunge,Da un paso amplio hacia el costado y flexiona esa pierna manteniendo la otra extendida.
Lateral Raise (Band),"Elevación lateral de hombros con banda, subiendo hasta la altura de los hombros."
Lateral Raise (Cable),"Elevación lateral en polea, con tensión constante durante todo el recorrido."
Lateral Raise (Dumbbell),Eleva las mancuernas hacia los costados hasta la altura de los hombros con los codos ligeramente flexionados. No uses impulso.
Lateral Raise (Machine),"Elevación lateral en máquina, con los brazos apoyados y recorrido guiado."
Lateral Squat,Sentadilla lateral desplazando el peso hacia una pierna mientras la otra permanece extendida.
Leg Extension (Machine),"Sentado en la máquina, extiende las rodillas hasta estirar las piernas y baja controlando."
Leg Press (Machine),Empuja la plataforma con los pies hasta casi extender las rodillas y baja controlado sin despegar la cadera del respaldo.
Leg Press Horizontal (Machine),"Prensa de piernas horizontal, empujando la plataforma al frente desde una posición sentada."
Leg Raise Parallel Bars,"Apoyado en paralelas, eleva las piernas extendidas hasta la altura de la cadera."
Low Cable Fly Crossovers,"Desde poleas bajas, junta las manos al frente y arriba describiendo un arco ascendente."
Low Row (Suspension),"Con cintas de suspensión y el cuerpo inclinado hacia atrás, jala el torso hacia las manos manteniendo el cuerpo recto."
Lunge,Da un paso al frente y baja hasta que ambas rodillas formen ángulo recto. Regresa empujando con la pierna delantera.
Lunge (Barbell),"Zancada con barra en la espalda alta, manteniendo el torso erguido."
Lunge (Dumbbell),Zancada sosteniendo mancuernas a los costados.
Lying Knee Raise,"Acostado boca arriba, eleva las rodillas hacia el pecho despegando la cadera del piso y baja con control."
Lying Leg Curl (Machine),"Boca abajo en la máquina, flexiona las rodillas llevando los talones hacia los glúteos."
Lying Leg Raise,"Acostado boca arriba, eleva las piernas extendidas hasta la vertical y baja sin tocar el piso."
Lying Neck Curls,"Acostado boca arriba en un banco con la cabeza fuera del borde, flexiona el cuello llevando la barbilla al pecho."
Lying Neck Curls (Weighted),Flexión de cuello acostado con un disco ligero apoyado en la frente.
Lying Neck Extension,"Boca abajo con la cabeza fuera del banco, extiende el cuello elevando la mirada al frente."
Lying Neck Extension (Weighted),Extensión de cuello boca abajo con un disco ligero apoyado en la nuca.
Meadows Rows (Barbell),"Con la barra en anclaje landmine y el torso perpendicular, jala el extremo con una mano llevando el codo hacia atrás y arriba."
Mountain Climber,"En posición de plancha, lleva las rodillas al pecho alternando rápido sin elevar la cadera."
Muscle Up,Dominada explosiva seguida de una transición sobre la barra hasta terminar con los brazos extendidos.
Negative Pull Up,Parte con la barbilla sobre la barra y baja lo más lento posible controlando todo el descenso.
Nordic Hamstrings Curls,"Arrodillado con los tobillos sujetos, baja el torso al frente resistiendo con los isquiotibiales."
Oblique Crunch,Encogimiento lateral llevando el codo hacia la cadera del mismo lado para trabajar los oblicuos.
One Arm Push Up,Flexión con un solo brazo apoyado y los pies separados para estabilizar.
Overhead Curl (Cable),"Con los brazos abiertos a la altura de los hombros en poleas altas, flexiona los codos llevando las manos hacia la cabeza."
Overhead Dumbbell Lunge,Zancada sosteniendo una o dos mancuernas por encima de la cabeza con los brazos extendidos.
Overhead Press (Barbell),"De pie con la barra a la altura de los hombros, empuja por encima de la cabeza hasta extender los codos. Mantén el abdomen firme y evita arquear la espalda."
Overhead Press (Dumbbell),"Press por encima de la cabeza con mancuernas, permitiendo un recorrido natural de los hombros."
Overhead Press (Smith Machine),"Press por encima de la cabeza en multipower, con trayectoria guiada."
Overhead Squat,Sentadilla sosteniendo la barra extendida por encima de la cabeza. Exige movilidad de hombros y tobillos.
Pause Squat (Barbell),Sentadilla con una pausa de dos a tres segundos en la posición baja antes de subir.
Pendlay Row (Barbell),"Remo con el torso paralelo al piso, partiendo cada repetición con la barra apoyada en el suelo."
Pendulum Squat (Machine),"Sentadilla en máquina pendular, con recorrido en arco y espalda apoyada."
Pike Pushup,"Con la cadera elevada en V invertida, flexiona los codos bajando la cabeza hacia el piso."
Pilates,"Trabajo de control postural, fuerza del core y movilidad con movimientos precisos y respiración coordinada."
Pinwheel Curl (Dumbbell),"Curl con agarre neutro llevando la mancuerna en diagonal hacia el hombro contrario, manteniendo la palma hacia adentro."
Pistol Squat,"Sentadilla a una pierna con la otra extendida al frente, bajando hasta abajo y subiendo sin apoyo."
Plank,"Apoyado en antebrazos y puntas de los pies, mantén el cuerpo alineado sin hundir ni elevar la cadera."
Plank Pushup,"Alterna entre plancha sobre antebrazos y plancha sobre manos, subiendo y bajando un brazo a la vez."
Plate Curl,Curl de bíceps sujetando un disco por los bordes con ambas manos.
Plate Front Raise,Elevación frontal sujetando un disco por los lados hasta la altura de los ojos.
Plate Press,Press de pecho sujetando un disco con ambas manos y empujándolo al frente.
Plate Squeeze (Svend Press),Presiona dos discos entre las palmas a la altura del pecho y extiende los brazos al frente sin dejar de apretar.
Power Clean,"Cargada recibiendo la barra en los hombros en posición alta, sin llegar a la sentadilla completa."
Power Snatch,"Arranque recibiendo la barra sobre la cabeza en posición alta, sin sentadilla completa."
Preacher Curl (Barbell),"Con los brazos apoyados en el banco Scott, flexiona los codos subiendo la barra sin despegar los tríceps del apoyo."
Preacher Curl (Dumbbell),"Curl en banco Scott con mancuerna, un brazo a la vez."
Preacher Curl (Machine),"Curl en máquina con apoyo para los brazos, con recorrido guiado."
Press Under,"Desde la posición de cargada, empuja el cuerpo debajo de la barra mientras extiendes los brazos."
Pull Up,"Colgado con agarre prono, jala hasta pasar la barbilla sobre la barra y baja hasta extender los brazos."
Pull Up (Assisted),Dominada con asistencia de máquina o banda para reducir parte del peso corporal.
Pull Up (Band),Dominada asistida con banda elástica sujeta a la barra y apoyada en el pie o la rodilla.
Pull Up (Weighted),Dominada con lastre en cinturón o chaleco.
Pullover (Dumbbell),"Acostado en banco, baja la mancuerna por detrás de la cabeza con los codos algo flexionados y regresa al pecho."
Pullover (Machine),"Pullover en máquina, jalando el brazo de la palanca desde arriba hacia el abdomen."
Push Press,Press por encima de la cabeza usando un impulso corto de piernas para iniciar el movimiento.
Push Up,"En posición de plancha con las manos al ancho de los hombros, baja el pecho hacia el piso y empuja hasta extender los brazos."
Push Up (Weighted),Flexión con un disco o chaleco lastrado sobre la espalda alta.
Push Up - Close Grip,Flexión con las manos juntas bajo el pecho y los codos cerca del torso.
Rack Pull,Peso muerto parcial partiendo desde soportes a la altura de las rodillas.
Rear Delt Reverse Fly (Cable),"Apertura posterior en poleas cruzadas, llevando los brazos hacia atrás a la altura de los hombros."
Rear Delt Reverse Fly (Dumbbell),"Con el torso inclinado al frente, abre los brazos hacia los lados hasta la altura de los hombros."
Rear Delt Reverse Fly (Machine),"Apertura posterior en máquina, con el pecho apoyado y recorrido guiado."
Renegade Row (Dumbbell),"En plancha sobre las mancuernas, jala una hacia la cadera manteniendo la cadera estable, y alterna."
Reverse Crunch,"Acostado boca arriba, lleva las rodillas hacia el pecho despegando la cadera del piso."
Reverse Curl (Barbell),"Curl con agarre prono, que carga el braquiorradial y los antebrazos."
Reverse Curl (Cable),Curl con agarre prono en polea baja.
Reverse Curl (Dumbbell),Curl con las palmas hacia abajo durante todo el recorrido.
Reverse Fly Single Arm (Cable),"Apertura posterior en polea con un brazo a la vez, llevando la mano hacia atrás en arco."
Reverse Grip Concentration Curl,Curl concentrado con agarre prono para enfatizar el antebrazo.
Reverse Grip Lat Pulldown (Cable),"Jalón al pecho con agarre supino, que aumenta la participación del bíceps."
Reverse Hyperextension,"Boca abajo con el torso apoyado, eleva las piernas extendidas hacia atrás contrayendo glúteos e isquiotibiales."
Reverse Lunge,Da un paso hacia atrás y baja hasta que ambas rodillas formen ángulo recto. Es más amable con la rodilla delantera que la zancada al frente.
Reverse Lunge (Barbell),Zancada hacia atrás con barra en la espalda alta.
Reverse Lunge (Dumbbell),Zancada hacia atrás sosteniendo mancuernas a los costados.
Reverse Plank,"Sentado con las manos apoyadas atrás, eleva la cadera hasta alinear el cuerpo y sostén la posición."
Ring Dips,"Fondos en anillas, con la exigencia añadida de estabilizar el agarre inestable."
Romanian Deadlift (Barbell),"Con las rodillas ligeramente flexionadas, lleva la cadera hacia atrás bajando la barra pegada a las piernas hasta sentir estiramiento en los isquiotibiales."
Romanian Deadlift (Dumbbell),"Peso muerto rumano con mancuernas, bajando pegadas a las piernas con la espalda recta."
Rope Cable Curl,"Curl de bíceps con cuerda en polea baja, girando ligeramente las muñecas al final."
Rope Straight Arm Pulldown,"Con los brazos extendidos y la cuerda en polea alta, jala hacia los muslos sin flexionar los codos."
Rowing Machine,"Remo en máquina: empuja con las piernas, inclina el torso y jala con los brazos, en ese orden."
Running,"Carrera continua en exteriores o cinta, a ritmo sostenido o por intervalos."
Russian Twist (Bodyweight),"Sentado con el torso inclinado atrás y los pies elevados, gira el torso de lado a lado."
Russian Twist (Weighted),Giro de torso sentado sosteniendo un disco o balón medicinal.
Scapular Pull Ups,"Colgado con los brazos extendidos, desciende y eleva el cuerpo moviendo solo los omóplatos, sin flexionar los codos."
Seated Cable Row - Bar Grip,"Remo sentado en polea con barra recta, llevando los codos hacia atrás y el pecho erguido."
Seated Cable Row - Bar Wide Grip,"Remo sentado en polea con agarre ancho, que enfatiza la espalda alta."
Seated Cable Row - V Grip (Cable),"Remo sentado con agarre en V, llevando el mango al abdomen y juntando los omóplatos."
Seated Calf Raise,"Sentado con la carga sobre los muslos, eleva los talones extendiendo los tobillos. Enfatiza el sóleo."
Seated Chest Flys (Cable),"Apertura de pecho sentado en poleas, juntando las manos al frente en arco."
Seated Dip Machine,"Fondo de tríceps en máquina sentado, empujando los agarres hacia abajo hasta extender los codos."
Seated Incline Curl (Dumbbell),"Sentado en banco inclinado con los brazos colgando atrás, flexiona los codos. El estiramiento inicial es mayor."
Seated Lateral Raise (Dumbbell),"Elevación lateral sentado, que reduce el impulso del torso."
Seated Leg Curl (Machine),"Sentado en la máquina, flexiona las rodillas llevando los talones hacia abajo y atrás."
Seated Overhead Press (Barbell),"Press por encima de la cabeza sentado con respaldo, lo que limita el impulso de piernas."
Seated Overhead Press (Dumbbell),Press por encima de la cabeza sentado con mancuernas.
Seated Palms Up Wrist Curl,"Sentado con los antebrazos apoyados en los muslos y las palmas arriba, flexiona solo las muñecas."
Seated Row (Machine),"Remo sentado en máquina con el pecho apoyado, jalando los agarres hacia el torso."
Seated Shoulder Press (Machine),"Press de hombros en máquina sentado, con recorrido guiado."
Seated Triceps Press,"Sentado con la mancuerna sostenida detrás de la cabeza, extiende los codos hacia arriba sin abrirlos."
Seated Wrist Extension (Barbell),"Sentado con los antebrazos apoyados y las palmas hacia abajo, extiende las muñecas elevando la barra."
Shoulder Press (Dumbbell),Press de hombros con mancuernas desde la altura de las orejas hasta extender los brazos arriba.
Shoulder Press (Machine Plates),"Press de hombros en máquina de discos, con recorrido guiado."
Shoulder Taps,"En posición de plancha alta, toca alternadamente el hombro contrario con cada mano sin girar la cadera."
Shrug (Barbell),"De pie con la barra al frente, encoge los hombros hacia las orejas y baja con control. No gires los hombros."
Shrug (Cable),Encogimiento de hombros en polea baja.
Shrug (Dumbbell),Encogimiento de hombros con mancuernas a los costados.
Shrug (Machine),"Encogimiento de hombros en máquina, con recorrido guiado."
Shrug (Smith Machine),Encogimiento de hombros en multipower.
Side Bend,"De pie, inclina el torso hacia un costado y regresa, trabajando los oblicuos."
Side Bend (Dumbbell),Inclinación lateral del torso sosteniendo una mancuerna en la mano del lado que baja.
Side Plank,"Apoyado en un antebrazo y el canto del pie, mantén el cuerpo alineado sin dejar caer la cadera."
Single Arm Cable Crossover,"Cruce de polea con un brazo a la vez, llevando la mano hacia el centro del cuerpo."
Single Arm Cable Row,"Remo en polea con un brazo, permitiendo un recorrido mayor y trabajo unilateral."
Single Arm Curl (Cable),Curl de bíceps en polea con un brazo a la vez.
Single Arm Landmine Press (Barbell),"Press con el extremo de la barra en anclaje landmine, empujando en diagonal hacia arriba y al frente."
Single Arm Lat Pulldown,"Jalón en polea alta con un brazo, que permite mayor rango y corrige asimetrías."
Single Arm Lateral Raise (Cable),"Elevación lateral en polea con un brazo, con tensión constante."
Single Arm Tricep Extension (Dumbbell),"Extensión de tríceps con una mancuerna detrás de la cabeza, un brazo a la vez."
Single Arm Triceps Pushdown (Cable),"Extensión de tríceps en polea alta con un brazo, con agarre supino o prono."
Single Leg Extensions,Extensión de rodilla en máquina con una pierna a la vez.
Single Leg Glute Bridge,"Puente de glúteo con una sola pierna apoyada, manteniendo la cadera nivelada."
Single Leg Hip Thrust,Empuje de cadera a una pierna con la espalda apoyada en un banco.
Single Leg Hip Thrust (Dumbbell),Empuje de cadera a una pierna con una mancuerna apoyada sobre la pelvis.
Single Leg Press (Machine),"Prensa de piernas con una pierna a la vez, para corregir diferencias entre lados."
Single Leg Romanian Deadlift (Barbell),"Peso muerto rumano a una pierna con barra, llevando la pierna libre hacia atrás mientras el torso baja."
Single Leg Romanian Deadlift (Dumbbell),"Peso muerto rumano a una pierna con mancuerna, manteniendo la cadera cerrada y la espalda recta."
Single Leg Standing Calf Raise,"Elevación de talón a una pierna de pie, con apoyo para el equilibrio."
Single Leg Standing Calf Raise (Barbell),Elevación de talón a una pierna con barra en la espalda.
Single Leg Standing Calf Raise (Dumbbell),Elevación de talón a una pierna sosteniendo una mancuerna del mismo lado.
Single Leg Standing Calf Raise (Machine),Elevación de talón a una pierna en máquina de pie.
Sissy Squat (Weighted),"Con las rodillas adelantadas y el cuerpo inclinado atrás, baja flexionando las rodillas sosteniendo un disco en el pecho."
Sit Up,"Acostado boca arriba con las rodillas flexionadas, eleva el torso completo hasta sentarte y baja con control."
Sit Up (Weighted),Abdominal completo sosteniendo un disco contra el pecho.
Skating,"Patinaje continuo, con trabajo de piernas, glúteos y equilibrio."
Skiing,"Esquí en pista, con trabajo sostenido de piernas y core para controlar la bajada."
Skullcrusher (Barbell),"Acostado con la barra sobre el pecho, flexiona solo los codos bajando la barra hacia la frente y extiende sin mover los hombros."
Skullcrusher (Dumbbell),"Extensión de tríceps acostado con mancuernas, bajando hacia la frente o los lados de la cabeza."
Sled Push,Empuja el trineo cargado con el torso inclinado y pasos cortos y potentes.
Snatch,"Levantamiento olímpico que lleva la barra del piso a sobre la cabeza en un solo movimiento, recibiéndola en sentadilla."
Snowboarding,"Descenso en tabla de nieve, con trabajo continuo de piernas, core y equilibrio."
Spider Curl (Barbell),"Boca abajo en un banco inclinado con los brazos colgando, flexiona los codos sin mover los hombros."
Spider Curl (Dumbbell),"Curl spider con mancuernas, boca abajo en banco inclinado."
Spiderman,"En plancha, lleva la rodilla hacia el codo del mismo lado y alterna."
Spinning,"Ciclismo indoor por intervalos, alternando cadencia y resistencia."
Split Jerk,Envión por encima de la cabeza recibiendo la barra con las piernas en tijera.
Split Squat (Dumbbell),"Sentadilla dividida con los pies fijos en posición de zancada, sosteniendo mancuernas."
Sprints,Series de carrera a máxima velocidad separadas por recuperación.
Squat (Band),"Sentadilla con banda elástica, que aumenta la resistencia en la parte alta del recorrido."
Squat (Barbell),"Con la barra en la espalda alta, baja llevando la cadera atrás hasta al menos la paralela y sube empujando con los talones. Mantén la espalda neutra y las rodillas alineadas con los pies."
Squat (Bodyweight),"Sentadilla con peso corporal, bajando con la espalda recta y los talones apoyados."
Squat (Dumbbell),Sentadilla sosteniendo mancuernas a los costados o sobre los hombros.
Squat (Machine),"Sentadilla en máquina guiada, con la espalda apoyada."
Squat (Smith Machine),"Sentadilla en multipower, con la trayectoria de la barra guiada verticalmente."
Squat (Suspension),Sentadilla sujetando las cintas de suspensión para asistir el equilibrio y la profundidad.
Squat Row,Combinación de sentadilla y remo: baja en sentadilla y al subir jala el agarre hacia el torso.
Stair Machine,"Subida continua de escalones en máquina, a ritmo sostenido."
Standing Cable Glute Kickbacks,"De pie con la tobillera en polea baja, lleva la pierna hacia atrás extendiendo la cadera."
Standing Calf Raise,"De pie, eleva los talones lo más alto posible y baja hasta sentir estiramiento en el gemelo."
Standing Calf Raise (Barbell),Elevación de talones de pie con barra en la espalda alta.
Standing Calf Raise (Dumbbell),Elevación de talones de pie sosteniendo mancuernas a los costados.
Standing Calf Raise (Machine),"Elevación de talones en máquina de pie, con la carga sobre los hombros."
Standing Calf Raise (Smith),Elevación de talones de pie en multipower.
Standing Leg Curls,"De pie, flexiona una rodilla llevando el talón hacia el glúteo contra la resistencia."
Standing Military Press (Barbell),"Press militar de pie con barra, sin impulso de piernas y con el abdomen firme."
Step Up,"Sube a un cajón o banco con una pierna, extendiendo la cadera arriba, y baja con control."
Sternum Pull up (Gironda),"Dominada llevando el esternón hacia la barra, inclinando el torso hacia atrás en la subida."
Straight Arm Lat Pulldown (Cable),"Con los brazos extendidos, jala la barra desde arriba hasta los muslos sin flexionar los codos."
Straight Leg Deadlift,"Peso muerto con las piernas casi extendidas, bajando la barra con la espalda recta."
Stretching,Trabajo de flexibilidad manteniendo posiciones de estiramiento con respiración controlada.
Sumo Deadlift,Peso muerto con los pies muy separados y las manos por dentro de las rodillas. Reduce el recorrido y carga más las piernas.
Sumo Squat,"Sentadilla con los pies separados y las puntas hacia afuera, con mayor trabajo de aductores y glúteos."
Sumo Squat (Barbell),Sentadilla sumo con barra en la espalda alta.
Sumo Squat (Dumbbell),Sentadilla sumo sosteniendo una mancuerna entre las piernas.
Sumo Squat (Kettlebell),Sentadilla sumo sosteniendo una pesa rusa entre las piernas.
Superman,"Boca abajo, eleva al mismo tiempo brazos y piernas extendidos contrayendo la espalda baja y los glúteos."
Swimming,"Nado continuo, con trabajo cardiovascular de cuerpo completo y bajo impacto."
T Bar Row,"Con el torso inclinado y la barra anclada, jala el agarre hacia el abdomen juntando los omóplatos."
Thruster (Barbell),"Sentadilla frontal seguida sin pausa de un press por encima de la cabeza, aprovechando el impulso de la subida."
Thruster (Kettlebell),Sentadilla con pesas rusas en rack seguida de un press por encima de la cabeza.
Toe Touch,"Acostado boca arriba con las piernas elevadas, eleva el torso llevando las manos hacia los pies."
Toes to Bar,"Colgado de la barra, eleva las piernas extendidas hasta tocar la barra con los pies."
Torso Rotation,"Rotación de torso en máquina o de pie, girando de forma controlada hacia cada lado."
Treadmill,"Caminata o carrera en cinta, con velocidad e inclinación regulables."
Triceps Dip,"En paralelas con el torso vertical, baja flexionando los codos y empuja hasta extenderlos."
Triceps Dip (Assisted),Fondo de tríceps con asistencia de máquina o banda.
Triceps Dip (Weighted),Fondo de tríceps con lastre en cinturón o entre las piernas.
Triceps Extension (Barbell),"Extensión de tríceps con barra por encima de la cabeza, flexionando solo los codos."
Triceps Extension (Cable),"Extensión de tríceps en polea, manteniendo los codos fijos junto al torso."
Triceps Extension (Dumbbell),"Extensión de tríceps con mancuerna detrás de la cabeza, con los codos apuntando arriba."
Triceps Extension (Machine),"Extensión de tríceps en máquina, con recorrido guiado."
Triceps Extension (Suspension),"Con las cintas de suspensión e inclinado al frente, flexiona los codos llevando las manos a la frente y extiende."
Triceps Kickback (Cable),"Con el torso inclinado y el codo fijo atrás, extiende el antebrazo hacia atrás en polea."
Triceps Kickback (Dumbbell),"Con el torso inclinado y el codo pegado al costado, extiende el antebrazo hacia atrás."
Triceps Pressdown,Extensión de tríceps en polea alta empujando hacia abajo hasta extender los codos.
Triceps Pushdown,"Extensión de tríceps en polea alta con barra, manteniendo los codos junto al torso."
Triceps Rope Pushdown,"Extensión de tríceps en polea alta con cuerda, separando los extremos al final del recorrido."
Upright Row (Barbell),Jala la barra hacia arriba pegada al cuerpo llevando los codos por encima de las muñecas hasta la altura del pecho.
Upright Row (Cable),"Remo al mentón en polea baja, con los codos guiando el movimiento."
Upright Row (Dumbbell),"Remo al mentón con mancuernas, subiendo pegadas al cuerpo."
V Up,"Acostado boca arriba, eleva torso y piernas extendidas al mismo tiempo formando una V y baja con control."
Walking,"Caminata continua a ritmo sostenido, de bajo impacto."
Walking Lunge,"Zancadas avanzando paso a paso, manteniendo el torso erguido en cada repetición."
Walking Lunge (Dumbbell),Zancadas caminando con mancuernas a los costados.
Wall Ball,"Sentadilla sosteniendo el balón en el pecho y, al subir, lánzalo contra un objetivo en la pared. Recíbelo y encadena la siguiente repetición."
Wall Sit,"Con la espalda apoyada en la pared y las rodillas en ángulo recto, sostén la posición el tiempo indicado."
Warm Up,Calentamiento previo: movilidad articular y trabajo cardiovascular suave para preparar el cuerpo.
Wide Pull Up,"Dominada con agarre más abierto que los hombros, que enfatiza el dorsal ancho."
Wrist Roller,"De pie con los brazos extendidos, enrolla la cuerda con las muñecas para subir la carga y desenróllala controlando."
Yoga,"Secuencias de posturas con control de la respiración, que trabajan flexibilidad, equilibrio y fuerza isométrica."
Zercher Squat,"Sentadilla con la barra sostenida en el hueco de los codos, lo que exige mantener el torso muy erguido."
Zottman Curl (Dumbbell),"Sube con agarre supino y, en la parte alta, gira las muñecas para bajar con agarre prono."
